video_id,title,channel_id,channel_title,published_at,description,view_count,like_count,comment_count,duration
vl156QpXr5g,The Impact of War on Markets and the Economy,UCFCEuCsyWP0YkP3CZ3Mr01Q,The Plain Bagel,2025-06-20T16:02:06Z,00:00 - Introduction 01:52 - How War Affects GDP 03:20 - Impact on Countries Outside the US 07:27 - Other Consequences of War ...,248139,7499,350,PT14M43S
lQD_UhbK1xI,How Do Debt Crises Cause Geopolitical Shifts? - World Economy Watchers,UC5FPJBYPWhtSI9MA50XUnqw,World Economy Watchers,2025-09-10T22:52:26Z,How Do Debt Crises Cause Geopolitical Shifts? Are you curious about how debt crises influence the shifting dynamics of global ...,5,1,0,PT3M22S
49RT6SQ8n0Y,"Ray Dalio: We‚Äôre Heading Into Very, Very Dark Times! America &amp; The UK‚Äôs Decline Is Coming!",UCGq-a57w-aPwyi3pW7XLiHw,The Diary Of A CEO,2025-09-11T07:00:10Z,"Ray Dalio turned $5 into $160 billion by decoding how empires rise and fall. Now he warns: America is in decline, the UK is in ...",5852428,112503,7881,PT1H34M17S
zGyhqhH1rpQ,Why Skyscrapers Signal Recession?,UCKZozRVHRYsYHGEyNKuhhdA,Think School,2025-09-06T12:31:20Z,Think School's flagship Communication course with live doubt sessions ...,1556864,32090,269,PT44S
nsQoGCP0TL8,Why $41 Trillion Is Fleeing the U.S. Economy in 2025 | Statecraft Exposes Shocking Truth,UCq6L7JFb3gqCNDD2tjWAhBw,India Today Global,2025-08-13T01:00:56Z,"President Trump's 2025 policies have triggered a massive flight of foreign investment from the U.S., putting up to $41 trillion in ...",1914,57,3,PT2M23S
w6jdF6e0hLc,Crisis in Venezuela - Maduro&#39;s ongoing power struggle | DW Documentary,UCW39zufHfsuGgpLviKh297Q,DW Documentary,2024-10-23T16:01:05Z,"Nicol√°s Maduro has been president of Venezuela since 2013. He rules the country, which faces grave political and economic ...",2371040,14431,2243,PT42M26S
8L_TFLgawcQ,Dominance in Crisis: How Long Can Big U.S. Banks Keep Their Global Lead? #tradewar #trump,UCTbcaUKnw219RtOPBf3fVxw,GlobalTrends,2025-04-21T12:39:29Z,"""Dominance in Crisis: How Long Can Big U.S. Banks Keep Their Global Lead?"" #tradewar #trump **Dominance in Crisis: ...",524,4,2,PT1M46S
n3kvN9oQdLY,"Why EVERYTHING (Gold, Real Estate, Stocks) are at an all-time-high? [&amp; is a crash coming?]",UCqW8jxh4tH1Z1sWPbkGWL4g,Akshat Shrivastava,2025-10-23T15:01:26Z,Invest in the US Stock Market and Global Equities with me (learn fundamentals and check my portfolio): ...,324165,5780,558,PT17M33S
QifyAei1q84,Wie eine geheime Organisation 190 L√§nder kontrolliert,UCSxCwLIIWO3zCkIAVmvsn_Q,Im Schatten des Geldes,2026-01-20T14:00:43Z,Ein einziges Geb√§ude. 190 L√§nder. Keine Armeen ‚Äì nur Schulden. Der Internationale W√§hrungsfonds gilt offiziell als Retter in der ...,18574,810,78,PT16M37S
QLyazvmD7Aw,The Most Horrific Thing Palki Sharma Witnessed In Israel #shorts,UCPxMZIFE856tbTfdkdjzTSQ,BeerBiceps,2024-05-21T15:45:02Z,Watch the full episode here:- https://youtu.be/DQqVr0obReo Check out my Mind Performance app: Level SuperMind Android ...,4389374,160308,11463,PT40S
F6gYYEPeHek,9 Capitals Bombed in 1 Year: Why the World Is Already at War,UCQAdzUoeBc9G283qXR4cTCg,Doze Macesuju,2026-01-15T01:23:06Z,Global war is no longer a warning ‚Äî 9 capitals hit in 1 year as restraint collapses worldwide. The world is already inside a global ...,12,1,0,PT14M48S
Grhw_mdAm9Y,THESE ALT COINS ARE COINS YOU CANNOT MISS IN THIS GEOPOLITICAL CRISIS,UCizGJKhQzZa688CwgTLZgGA,Coach Miranda Miner,2026-01-05T16:28:44Z,THESE ALTCOINS YOU CANNOT MISS DURING THE VENEZUELA‚ÄìTRUMP GEOPOLITICAL CRISIS Global markets are ...,3500,172,9,PT36M16S
ZxZO0jd8VoU,BlackRock: The Conspiracies You Don‚Äôt Know,UCehBVAPy-bxmnbNARF-_tvA,More Perfect Union,2024-09-19T20:09:43Z,BlackRock and other asset managers are profiting off of every aspect of your life. It's not a conspiracy ‚Äî it's an open restructuring ...,7451285,185703,13622,PT15M13S
UBWSbANEx40,Why the World‚Äôs Largest Oil Reserves Still Left 30 Million People in Crisis,UCHkqkAo3AOPnaT-OQ2Gtpqw,Mubodo Maar,2026-01-13T08:41:28Z,Venezuela oil and power collide: 300 billion barrels turn collapse into a global business plan. This video unpacks how Venezuela ...,0,0,0,PT13M1S
L3C_pqoVNco,How Iran Tensions Just Triggered Silver to $100+ ATH ‚Äì Safe-Haven Explosion &amp; Squeeze Incoming NOW!,UCxVawG4GlFIq5qUtC0KU3ag,Motive quotes,2026-01-14T16:21:11Z,"Escalating tensions involving Iran have just sent shockwaves through global markets‚Äîand silver is reacting first. In this video, we ...",47,1,0,PT14M28S
W6G6pNPMEno,Luke Gromen: US Braces for Capital Controls as Global Trade Reset Begins,UCom1i7_NVeSUNyJyuR_NbMQ,"ITM TRADING, INC.",2025-05-30T17:00:28Z,"If one believes that this is a restructuring of the global trading system, as a lot of people do, then it is fait accompli, the United ...",153439,3767,296,PT29M14S
a8JrqjCV4ao,Market Crash Signs for 2026 | Business | Sarthak Ahuja,UCzHDKR4zchL8NbFWMKgR0BQ,Sarthak Ahuja,2025-10-15T10:56:28Z,"The world today is showing 3 signs that are very similar to what happened exactly before the Great Depression in 1929, and the ...",1071183,20642,711,PT2M50S
B3G4zo0Fn34,BREAKING: Lula Condemns Rising Threats to Democracy Worldwide,UCyQbPOIlTSsHisArGCRnM0g,Cross World News,2025-09-23T23:30:04Z,BREAKING: Lula W*rns World: Democratic Institutions Under Attack Across Global Powers Brazilian President Luiz In√°cio Lula da ...,54,1,0,PT1M18S
YPpKqqVPTL8,THESE ALT COINS ARE COINS YOU CANNOT MISS IN THIS GEOPOLITICAL CRISIS,UCKdpGPhtWgqNnU205A6vopA,IMPACT Trading Pilipinas,2026-01-06T00:44:34Z,THESE ALTCOINS YOU CANNOT MISS DURING THE VENEZUELA‚ÄìTRUMP GEOPOLITICAL CRISIS Global markets are ...,14,0,0,PT36M16S
ikgGESgWmQg,Las 5 CLAVES que explican por qu√© la econom√≠a del PER√ö CRECE pese a la crisis pol√≠tica,UCFFoyBMDFmpVqlLE0itNuOw,teXin - Educaci√≥n Virtual,2026-02-07T22:15:05Z,"La econom√≠a del Per√∫ sigue creciendo en 2026, lo que muestra una paradoja que desconcierta a Am√©rica Latina: el pa√≠s crece, ...",16696,602,140,PT15M58S
ilblnSv9Akk,Europe&#39;s ‚Ç¨900B Gamble Is Falling Apart! #shorts #geopolitics,UCx775uTHDFHu11d451RaXIg,Real Lore & Order,2025-05-10T14:14:52Z,Europe's ‚Ç¨900B Gamble Is Falling Apart! #shorts #geopolitics #Europe #economy #EUdebt #policycrisis #eurobonds ...,11,0,0,PT1M13S
LU2Kw2eo5rI,"Expert View: Bill Blain on Trump, Markets and European Crisis",UCwvras8SRKKhx_cboj2p1nw,IG UK,2026-01-22T15:38:16Z,"Expert Edge brings market veterans and strategists for unfiltered market analysis. This episode: Bill Blain, Principal of Wind Shift ...",414,12,4,PT23M39S
uowABlQiLtw,Why Russia got so many rupees?,UC5DXDSM7nDoFLDBhudCmhEw,The Anatomy Of Russia,2025-08-04T17:33:04Z,"A seismic shift is rattling the foundations of the global economy. In a bold move of economic statecraft, India, under Prime Minister ...",1117,6,1,PT55S
1CkS0WIX90Q,Why Europe economy collapse #finance ,UCtDdxP8ed8BVLrEJkg2t3Ig,financial professor ,2026-01-18T06:51:09Z,Why Europe's Economy is Dying (The 6 Fatal Wounds) Why has the European economy stagnated while the US economy ...,8,0,1,PT9M
pHMHpo862Wk,THESE ALT COINS ARE COINS YOU CANNOT MISS IN THIS GEOPOLITICAL CRISIS üì±,UCKdpGPhtWgqNnU205A6vopA,IMPACT Trading Pilipinas,2026-01-06T00:49:46Z,THESE ALTCOINS YOU CANNOT MISS DURING THE VENEZUELA‚ÄìTRUMP GEOPOLITICAL CRISIS Global markets are ...,31,0,0,PT36M12S
5JZCJLZFs14,Why Foreign Countries Are Pulling Back from U.S. Debt (And What It Means),UCn65Ma-zHYgnr56LPAwWDTw,Capital.com,2025-07-17T13:15:00Z,Open Your Capital.com Account and Start Trading Now: https://trading.capital.com/4inDfl8 Foreign governments like Japan and ...,2008,54,0,PT2M23S
SDHte5AodfM,"Oil Rich, Gas Poor: Venezuela",UClwOGM_5AEpjL3JKLVGcAMw,Lessons from History 1776,2025-09-07T08:29:31Z,Imagine having the world's largest oil reserves but no gasoline at gas stations... This is the shocking story of how Venezuela went ...,19,1,0,PT29S
qRYIv2GXfYo,Watch Out For These Sectors In 2026 - 2030! | Ft. Raamdeo Agarwal,UCm7xZ9sbqhuARuDDcckh8Jg,INDmoney,2025-10-24T07:51:23Z,"Which Sectors excite Raamdeo Agarwal, and which might make money for the retail investors of India? His conviction lies in the ...",121378,2802,31,PT59S
zSPjEWchjxk,Silenced Voices  The Hidden Truth,UCCLvNlfnaF85bg7fAFQHcEw,international affairs US,2025-05-15T05:30:39Z,"Chinese Weapons, UAE Ambitions, and Global Inaction Are Fueling a Crisis in Sudan Introduction The ongoing conflict in Sudan ...",1444,12,0,PT19S
LIeE6BRn6ac,"TWO CRISES JUST IGNITED ‚Äì Here&#39;s Why Gold Hits $3,200 (India-Pakistan + Middle East Escalation)",UCRIqYyipQhKtsbeein1m7rw,Crash Cabinet Historian,2026-01-12T19:21:10Z,"Two major global crises have just ignited, pushing investors toward gold as fear rises across financial markets. Escalating ...",39,2,0,PT20M4S
tVVYhK_fgyA,The US Leadership Crisis That Will Change Global Power FOREVER #shorts,UC3nj1JNLJvK9jV4KTbZw_qg,SparX by Mukesh Bansal,2025-09-14T15:30:28Z,"In this episode of SparX, Mukesh Bansal speaks with Raghuram Rajan (Former RBI Governor) on India's economic crossroads, ...",4156,38,0,PT37S
8JBTRIHUuZ8,Trump‚Äôs Tax Wars &amp; $41 Trillion at Risk: Is America‚Äôs Economy on the Brink? | Statecraft,UCq6L7JFb3gqCNDD2tjWAhBw,India Today Global,2025-08-13T02:00:07Z,"President Trump's 2025 policies have triggered a massive flight of foreign investment from the U.S., putting up to $41 trillion in ...",1105,17,0,PT2M17S
_KjeJJegE4c,Consumer Confidence Collapse: What It Means for Europe‚Äôs Economy and Your Business,UCSzz_zoqoZ-rEKYG5qXm1mQ,Dominic Bowen,2025-05-01T08:30:31Z,"As US consumer confidence collapses and trade tensions escalate under Trump's second term, the shockwaves are hitting ...",118,1,0,PT1M24S
YCVczGDOnZo,3 Secrets to India&#39;s Next Economic Leap with Japan #shorts,UCt8mqEderHxS4YFpIuiQsEA,SparX Clips,2025-10-13T12:30:54Z,"In this episode of SparX, Mukesh Bansal speaks with Raghuram Rajan (Former RBI Governor) on India's economic crossroads, ...",1934,19,0,PT31S
Mvk0fCC6ZTA,"Arab-Islamic Summit: Qatar‚Äôs Emir Warns Against Undermining Negotiations, Vows to Confront Israel...",UCX9M1lwKo8IbGaqYGmjBOJw,Real PrimeHub Doc,2025-09-16T12:15:15Z,"Arab-Islamic Summit: Qatar's Emir Warns Against Undermining Negotiations, Vows to Confront Israeli Aggression At the ...",6395,17,1,PT4S
QKi4d05HgTY,Haiti&#39;s Crisis : Who Will Step Up to Restore Order? üá≠üáπ,UCEHLDZa2_VmejJCp-G1Z6Ug,AI Debates EN,2025-06-01T12:00:43Z,"For months, Haiti has been facing the worst crisis in its modern history. More than 80% of the capital, Port-au-Prince, is under ...",130,0,1,PT38S
krC7BhSiHuA,"D.C. Crime Crisis: Trump Vows To Federalise City, Deploy National Guard To Restore Safety",UCq6L7JFb3gqCNDD2tjWAhBw,India Today Global,2025-08-06T23:46:03Z,"US President Donald Trump addressed the ""ridiculous"" crime rate in D.C., stating that action is being considered to make the ...",57,0,0,PT1M23S
I4SSFgf-fJs,Haiti&#39;s Hidden Struggles : A Call to Action üá≠üáπ,UCEHLDZa2_VmejJCp-G1Z6Ug,AI Debates EN,2025-06-01T14:00:19Z,"For months, Haiti has been facing the worst crisis in its modern history. More than 80% of the capital, Port-au-Prince, is under ...",408,0,0,PT33S
asIdsaFXnF0,"War, Elections &amp; Pandemic Affecting your Portfolio?  | Watch This | #geopolitics #stockmarket",UCQuVGLfsR-16auqAT_TT4JQ,ISM - Institute of Stock Market,2025-06-23T11:02:07Z,"How to Protect Your Investment During Geopolitical Chaos? War, Elections, Pandemics, Tariff Wars ‚Äî these aren't just headlines.",210,7,1,PT2M31S
Sq0cMJtVYqA,Coup Attempt in Madagascar | Presidency Warns of Power Seizure Plot#shorts #viral #trending #foryou,UCWdtDEBGtT1733A3hAZb7Gg,WorldBuzz Bulletin,2025-10-14T23:00:39Z,Madagascar's presidency has announced that an attempt to seize power is under way. Officials say elements within the security ...,18,0,0,PT1M32S
apSgA4pgQAI,The Fragility of Private Equity &amp; Venture Capital - Ray Dalio,UCDjt8kw8moFn6Mj7bLujlBA,Investing Time Daily,2025-12-26T20:00:02Z,Ray Dalio‚Äîfounder of the world's largest hedge fund Bridgewater Associates‚Äîreveals the uncomfortable truth: every market ...,694,8,1,PT47S
S_VigHohtPA,"&quot;China has four excesses, it&#39;s a bit like Japan pre-1989 or the U.S. Financial Crisis in 2007&quot;",UC9xP6fruLiRlwcHplFqmQpw,Beryl Elites,2024-06-06T11:59:32Z,Hit SUBSCRIBE button and be the first to get new videos Stay tuned on upcoming 120 unique new educational videos covering ...,2602,17,0,PT51S
0t4JBsWk3EY,&quot;The Roots of the 2008 Crisis Were... Political&quot;,UCf7jd10_t9GMb-5Vy2c9Eww,Capital Horizons - The Podcast,2024-05-10T10:00:02Z,What kind of risk matters? What are the troubles with regulation? How to build resilience? Does AI increase systemic risk? Why do ...,426,8,0,PT36S
jlXzbXoSqIE,5 Facts About BRICS The Emerging Global Power  #facts #history,UCXIMpJPEZmpfy-wFP7Fu2aA,rodin.scientia,2025-03-05T05:00:41Z,"BRICS is an acronym for Brazil, Russia, India, China, and South Africa, representing a coalition of major emerging economies.",409,5,1,PT2M59S
hgI17bUslsU,STOP Believing the U.S.-China ‚ÄòTrade‚Äô Story&quot;  #shorts #geopolitics #uschinacurrencywar,UC4trchfJFTTVoIeJ90B5LBA,Stewardship Finance Academy (SFA),2025-09-18T08:15:44Z,STOP Believing the U.S.-China 'Trade' Story You've been told the U.S.-China fight is about trade ‚Äî but the truth is far more ...,961,30,0,PT1M41S
g5ExtqNIBm8,Raghuram Rajan Reveals TOP Trade Secrets For India&#39;s Economic Growth #shorts,UCt8mqEderHxS4YFpIuiQsEA,SparX Clips,2025-09-15T12:31:02Z,"In this episode of SparX, Mukesh Bansal speaks with Raghuram Rajan (Former RBI Governor) on India's economic crossroads, ...",1349,14,0,PT55S
GDGxH-fx4Zg,Raghuram Rajan Reveals India&#39;s GAME CHANGER Strategy in US-China Power Game #shorts,UCt8mqEderHxS4YFpIuiQsEA,SparX Clips,2025-09-14T12:30:15Z,"In this episode of SparX, Mukesh Bansal speaks with Raghuram Rajan (Former RBI Governor) on India's economic crossroads, ...",2665,40,1,PT48S
fIxcrb60QB0,Uncovering the Truth Behind Sudan&#39;s Collapse,UCCLvNlfnaF85bg7fAFQHcEw,international affairs US,2025-05-14T19:04:16Z,"Chinese Weapons, UAE Ambitions, and Global Inaction Are Fueling a Crisis in Sudan By: [Your Name] Introduction The ongoing ...",1176,4,0,PT20S
A5nBRFtl8Jo,Inside Tata Group Crisis 2025: ‚Çπ4 Lakh Crore Gone | Noel Tata vs Tata Trusts Explained | The Bodha,UCiEu9yVjoMswvHK1DxGSwHQ,The Bodha,2025-10-26T13:41:00Z,"The Tata Group ‚Äî India's pride, backbone, and one of the world's most trusted business empires ‚Äî is facing its biggest internal ...",3792,62,0,PT41S
CpdLxXxSf9Y,The REAL Map of China!  üá®üá≥ü§Ø,UCakHwee1yuCqwWnnOpoRs0w,Geo Motion,2025-02-18T13:45:03Z,"chinamap #geography #china #map #history #tibet China looks huge on the map, but did you know a big part of it is actually ...",1411066,31803,5957,PT35S
gTEfw___Kbs,Haiti: Toward an Economic Renaissance Without Foreign Domination? üá≠üáπ,UCEHLDZa2_VmejJCp-G1Z6Ug,AI Debates EN,2025-06-01T22:00:44Z,"For months, Haiti has been facing the worst crisis in its modern history. More than 80% of the capital, Port-au-Prince, is under ...",601,5,1,PT59S
hSuiRhGOYbs,Raghuram Rajan Reveals the REAL Cost of Tariffs #shorts,UCt8mqEderHxS4YFpIuiQsEA,SparX Clips,2025-09-16T12:45:08Z,"In this episode of SparX, Mukesh Bansal speaks with Raghuram Rajan (Former RBI Governor) on India's economic crossroads, ...",3763,34,1,PT55S
gV7JT8Kmlz8,Uncovering the Truth Behind the Attacks,UCCLvNlfnaF85bg7fAFQHcEw,international affairs US,2025-05-14T19:06:12Z,"Chinese Weapons, UAE Ambitions, and Global Inaction Are Fueling a Crisis in Sudan By: [Your Name] Introduction The ongoing ...",1202,4,0,PT23S
o0vsG3z_m6E,What If All Chinese Stocks Vanished from Wall Street #america #money #geopolitics,UC9If5sXpbmMqgOgERI6WkRw,What You Missed! ‚è≥,2025-04-27T13:45:06Z,"April 2, 2025‚Äî'Liberation Day' marks a pivotal escalation in the U.S.-China trade war. With the U.S. imposing sweeping tariffs and ...",1462,4,1,PT55S
JYeNLqALQXo,Currency&#39;s Power  Unveiling Geopolitics &amp; Global Control,UCYnGPpm74XZqFi01TSIrMoQ,Longtrepreneur,2025-07-01T05:08:37Z,"Intro: Hello everyone, Welcome to Longtrepreneur. My name is Yawar Abbas. Our guest is(Faisal Aftab), one of Pakistan's most ...",454,2,0,PT1M19S
puw5p2TlpSw,India&#39;süáÆüá≥ Foreign Policy | Upsc interview,UCmEDdYsBjM0LkYWojQ8QN4A,Speech on success,2024-11-26T14:57:00Z,Video Credit - @PWOnlyIASUPSC Watch this mock interview video to experience a real-life interview setting and learn from the ...,412146,15460,35,PT42S
SS8ohCn3stU,Why India and US Are a PERFECT Match #shorts,UCt8mqEderHxS4YFpIuiQsEA,SparX Clips,2025-09-13T13:30:22Z,"In this episode of SparX, Mukesh Bansal speaks with Raghuram Rajan (Former RBI Governor) on India's economic crossroads, ...",850,5,0,PT1M5S
_fif2bIKbak,Trump‚Äôs Trade War Changed Everything ‚ö†Ô∏è | The Price We All Paid,UCFPcLKXHbYs_Mvl1PjdR1tA,The Capital Compass,2025-08-04T02:36:25Z,"n 2016, Trump lit the fuse on a trade war that reshaped the global economy. Tariffs, tension, and a shift in power ‚Äî was it a ...",1203,6,0,PT56S
fmBYGAJLFBE,&#39;The Trump Organization has a significant business interest in the Gulf&#39;: Dr Hassan Al-Hassan,UCq6L7JFb3gqCNDD2tjWAhBw,India Today Global,2025-05-13T16:30:14Z,Dr Hassan Al-Hassan discusses Donald Trump's business interests in West Asia and the Gulf. He mentions the Trump ...,71,3,0,PT1M29S
QoDs05eFwLA,How the U.S. Could Take Control of Greenland ‚Äî And Why NATO Is Nervous #trump #greenland #nato,UC-BxznbuV9ZXIWYTEmPC4wg,Chiragmakani,2026-01-09T15:18:24Z,Donald Trump keeps repeating one claim: the United States needs Greenland. But how could Washington actually take control of ...,428248,4687,685,PT1M7S
ixcvi5vQwlg,How Venezuela&#39;s Economic Crisis Affects Cuba | The $1.2 Trillion Regional Impact,UCNQRWOP6VJP_kTEIreSkDcg,Capital Insider,2026-01-17T16:01:08Z,"billion in subsidies. Gone. That's what Cuba lost when Venezuela's economy collapsed, and it triggered the largest humanitarian ...",7,0,0,PT18M
FmLk1taJWSw,The SHOCKING Truth About Tariffs Nobody Tells You #shorts,UCt8mqEderHxS4YFpIuiQsEA,SparX Clips,2025-09-18T12:30:31Z,"In this episode of SparX, Mukesh Bansal speaks with Raghuram Rajan (Former RBI Governor) on India's economic crossroads, ...",1704,6,0,PT43S
_X7x_jK1ifA,&quot;Davos In Panic&quot;: Cathie Wood Explains Why the EU Model Is Collapsing in 2026,UCUnbssQIOZpZQCvASYLdkcA,Global Capital View: Cathia Wood Fans,2026-01-29T12:01:11Z,The global order that once defined the West is starting to crack‚Äîand even elite institutions are beginning to panic. This channel ...,67991,4338,622,PT24M24S
u7r_JLHm674,Raghuram Rajan Reveals India&#39;s REAL GDP Contribution from US Trade #shorts,UCt8mqEderHxS4YFpIuiQsEA,SparX Clips,2025-09-17T12:45:14Z,"In this episode of SparX, Mukesh Bansal speaks with Raghuram Rajan (Former RBI Governor) on India's economic crossroads, ...",4061,51,0,PT1M1S
85lF5bxWlgI,Transnistria: Why is this small region so significant? | DW Documentary,UCW39zufHfsuGgpLviKh297Q,DW Documentary,2025-10-31T14:00:15Z,"Since the Republic of Moldova was granted EU accession candidate status in 2022, the long-forgotten region has once again ...",35225,579,46,PT1M30S
MW19KCyCg-k,"Maduro Arrest: Winners, Losers &amp; The Global Economy",UCiqnnZKWLq_04NCnpMISiMw,Mac Invests,2026-01-20T11:00:40Z,Most people heard Maduro Arrest and felt confused ‚Äî but the story isn't just headlines. There's a bigger economic and ...,0,0,0,PT9M31S
b1BKkJrVCbI,"Why Bitcoin Matters When the World Is on Fire (Geopolitics, Gold &amp; the New Rules of Wealth)",UCHS_hK4QkXsCWJHehtIRFGw,IndiCrypto,2026-01-21T05:00:47Z,"https://www.indicrypto.com - Indian Cryptocurrency Analysis, Tools, Tutorials, Data and News Why Bitcoin Matters When the World ...",5,0,0,PT6M24S
y0pIFQWXTPw,Future of Real Estate in India: Predictions for the Next 5 Years,UCpKi1zZntQYGdLxEknr1ycw,Vipin Suree,2024-06-12T13:06:20Z,"Explore the future of real estate in India over the next 5 years. Discover key trends, market predictions, and opportunities for ...",67978,553,39,PT24S
RgluM3dnQ3s,Financial System on Edge of Crisis with Simon Hunt,UCPI-DJWmId3Y-Dd1yI8LDnw,WTFinance,2026-02-03T17:00:47Z,"Interview recorded - 2nd of February, 2026 On this episode of the WTFinance podcast I had the pleasure of welcoming back ...",18884,927,71,PT34M12S
yGtVKV2vtss,$100B Oil Bust: Big Oil Rejects Trump Venezuela Plan,UChgRax9Y-qTJg3EiU55MNng,International Trade Talk,2026-01-14T10:17:00Z,B Oil Bust: Big Oil Rejects Trump Venezuela Plan The global energy market is witnessing a $100 billion oil bust as major oil ...,13,0,0,PT9M47S
BbCU6dPyMVc,"Coal is everywhere, but we still have a shortage‚Äîwhy? #coalindia",UCZDXxSy72ChQPjQVrv27kaQ,Govt Exam Prep,2025-05-13T13:03:22Z,"In this revealing episode, Raj Shamani sits down with Anil Swarup, the former Coal Secretary of India, to break down the real ...",1602936,29965,206,PT31S
FGb1sdsxVII,"TEHRAN Under Pressure as Sudden Unrest Hits Iran‚Äôs Capital, US Carriers Approach Middle East!",UCaRN5Fv1P7Ix8q7buAH7MCw,Military Boundary,2026-01-24T15:30:53Z,"militarynews #tanks #intelligence #iran #tehran #geopolitics #khamenei #militaryboundary This video offers a neutral, fact-based ...",1643,70,9,PT19M55S
iW-TF7jd0MQ,Will Houthi RETALIATION Escalate The Conflict in Yemen?,UCq6L7JFb3gqCNDD2tjWAhBw,India Today Global,2025-04-07T11:30:36Z,"A U.S. airstrike has rocked Yemen's capital, Sanaa, killing four and injuring dozens, according to Houthi-run media. The deadly ...",89,2,1,PT30S
mX5DHiH28fw,1 MINUTE AGO: Trump CLASHES With Denmark ‚Äî NATO Crisis Explodes,UCZDcHq02uoUQhgAQuJwfytw,Inside the Capitol,2026-01-16T22:49:22Z,"In this breaking news analysis, we examine an unprecedented diplomatic and military crisis inside NATO as tensions explode ...",29,0,0,PT13M20S
mb6wQmzHJ1I,Iran&#39;s Currency Just HIT 1 MILLION - Economic Collapse Has Begun&quot;,UCVLRMghtKLuNGRD6hE9DuBw,Currency News Today,2026-01-14T14:08:17Z,Iran's currency has officially collapsed. The Iranian Rial just hit 1 MILLION to the US dollar - and what's happening right now could ...,11,0,0,PT23M46S
rXCVrLPTUHQ,Warning: Largest bubble ever seen threatens US economy,UCwlvSJdcMc7iGdR-aducSog,Geopolitical Economy Report,2025-10-21T12:38:46Z,The US economy depends more and more on enormous bubbles in the stock market and AI. The richest 10% of Americans drive ...,289737,12868,1982,PT33M18S
RIlZDR7hViA,How to Finance Growth in a Debt Crisis?,UCR-Ja1yBcjkhuQblxnroZJg,OECD,2025-04-08T06:00:26Z,"Global debt markets have played a key role in supporting the recoveries from the 2008 financial crisis and COVID-19 pandemic, ...",364,7,0,PT46S
c3xKM_ELk7I,WalsonParker Geopolitical Scenario Planning &amp; Shock Simulation,UCpc5MrWlKXqtraQrHNSGpCA,WalsonParker,2026-01-15T17:24:33Z,"In an era of permanent geopolitical disruption, organizations can no longer rely on linear forecasts or static scenarios. In this video ...",5,0,0,PT1M3S
EgM6xIlylpc,Indian PM Modi vs Pakistani PM shahbaz and Donald Trump&#39;s #india #pakistan #pakindiawar #war,UC-0xXU11UG48zyjtAzw--xg,MiniVerse AI,2025-05-10T01:01:30Z,"The tension between #Pakistan and #India has once again escalated, and the latest flashpoint is the growing conflict over water ...",8914354,65622,935,PT12S
Nve4bQ_x4lY,"Exploring Political, Economic, and Social Thinkers for India&#39;s Development | Upsc interview",UCmEDdYsBjM0LkYWojQ8QN4A,Speech on success,2025-03-23T16:45:18Z,"Video Credit- ‚Äã‚Å† @DrishtiIASEnglish We discuss adopting the political thought of Mahatma Gandhi, his emphasis on village-level ...",81076,3279,9,PT43S
nLKnlIP1LlI,China Lost $100 Billion in Venezuela The Oil That Vanished,UCs45X_HH0_jG8vawokYhoCw,Capital Collapse History ,2026-01-22T17:01:18Z,"China lent Venezuela $100 billion backed by oil ‚Äî the world's largest reserves. The loans were ""secured"": Venezuela would ...",14,0,0,PT20M15S
o5dKCi-4TOw,Richard Wolff Exposes Why Iranian Elites Are Moving Billions Out of Iran,UCX7yGv02TErFA-Y_KCelL7Q,Global Pulse News,2026-01-15T13:04:22Z,"news #politics #richardwolff As Iran's economy buckles under inflation and capital flight, Richard Wolff explains why regime ...",40,2,0,PT11M23S
BQYuSsIo1L4,Resilient Alpha Private Equity&#39;s Liquidity Crisis_ Market Conundrums,UC7r8f7feMnv_BSriZPHoI3w,Resilient Alpha - IvyFON  Video,2025-09-05T13:00:22Z,Resilient Alpha Private Equity's Liquidity Crisis_ Market Conundrums #ivyfon #martysecada #resilientalpha #Private_Equity ...,3,0,0,PT1M11S
Fqw82orF4Po,BREAKING: Trump Under Fire as Nations Unite to ‚ÄúBoycott America‚Äù in Mass Protest,UCrI-c9K0m5AunGjxhumIpmw,National Media House,2026-01-26T16:02:09Z,BREAKING: Trump Under Fire as Nations Unite to ‚ÄúBoycott America‚Äù in Mass Protest A global economic shock is unfolding as a ...,31890,1069,184,PT16M36S
p_STx5Iis8w,Why Trillions Quietly Move Before Every Economic Collapse,UCyQCBB67T6j8FIfhee-9pIg,Silent Money Movement,2026-01-25T17:35:09Z,"Trillions of dollars move silently through the global financial system before every major economic collapse‚Äînot in panic, not by ...",32,0,0,PT13M3S
q6gF45b-YpI,The ECB‚Äôs Tightrope Walk,UCrU9LL1fSy0LBzNZWNBhkag,George Buckster,2025-10-23T23:23:06Z,The European Central Bank stands today at one of the most delicate points in its modern history. Balancing between the fading ...,1,0,0,PT40S
C-o8MyXVGXQ,What Happens When Countries Turn Against Immigrants #shorts,UCt8mqEderHxS4YFpIuiQsEA,SparX Clips,2025-09-27T15:15:01Z,"In this episode of SparX, Mukesh Bansal speaks with Raghuram Rajan (Former RBI Governor) on India's economic crossroads, ...",1309,25,1,PT50S
HQ4GT1hwjzg,Peter Zeihan - Putin Loses Grip On Capital City As War Finally Hits Home,UC94T6Rv4cI3_t0FiWCoUYkA,The New Front,2026-01-03T01:00:34Z,"A devastating sequence of events now threatens the stability of the Russian Federation, marking a turning point that military ...",8953,225,8,PT9M20S
R41SnLnyvEM,MAPNODE AMID GLOBAL ECONOMIC AND GEOPOLITICAL UNCERTAINTY,UCeX6536YDGDI54ghkMrkHzA,Map Scan Official,2025-08-17T07:21:18Z,"The world is entering an era of prolonged instability. From persistent inflation in the US and Europe, to escalating US-China ...",1152,247,17,PT1M41S
bsMTzsYVWlc,Uncovering the Truth Behind Sudan&#39;s Chaos,UCCLvNlfnaF85bg7fAFQHcEw,international affairs US,2025-05-14T19:05:16Z,"Chinese Weapons, UAE Ambitions, and Global Inaction Are Fueling a Crisis in Sudan By: [Your Name] Introduction The ongoing ...",930,3,0,PT19S
ggGLfBg_7-o,Trump Draws Red Line as Iran‚Äôs Capital Falls Into Chaos,UCw2ftqBqoLowkF2lcRKV-ew,Military Operations Explained,2026-01-29T17:34:43Z,Iran is facing one of the most dangerous moments in its modern history. As nationwide protests erupt and demonstrators breach ...,10,0,0,PT8M12S
n3waRql2UwU,Reaction as US withdraws from 66 multilateral organisations: Sherwin Bryce-Pease,UC8yH-uI81UUtEMDsowQyx1g,SABC News,2026-01-08T18:15:38Z,A United Nations analyst says the United States decision to withdraw from 66 multilateral organisations adds credence to ...,8978,0,71,PT8M50S
I4Ya8PEmq-U,5 Reasons Economists Think IMMIGRATION IS THE KEY to Western Survival #shorts,UCt8mqEderHxS4YFpIuiQsEA,SparX Clips,2025-09-22T15:15:02Z,"In this episode of SparX, Mukesh Bansal speaks with Raghuram Rajan (Former RBI Governor) on India's economic crossroads, ...",2006,16,0,PT34S
JT5xHm8jz0I,$100 Billion Bet: Can Trump Really Restart Venezuela‚Äôs Oil in 18 Months?,UCHhrZvJjLDYMp844Tb0c6XQ,FAST UPDATE,2026-01-13T00:24:03Z,"Trump's Venezuela oil plan is back ‚Äî a $100 billion gamble that could reshape global energy fast. In this video, we break down ...",60,2,0,PT13M19S
CAkqoI10VuI,"Gaza War Day 692: UN Slams Famine, Strikes Continue | Over 60 Killed",UCq6L7JFb3gqCNDD2tjWAhBw,India Today Global,2025-08-29T03:00:12Z,"Day 692 of the Gaza War has brought another grim chapter of suffering and despair. According to reports, Israeli airstrikes killed ...",1148,35,1,PT1M7S
4FSKlpe9h2A,Haiti: The Call for Afro-Caribbean Unity Toward a Regional Solution üåç,UCEHLDZa2_VmejJCp-G1Z6Ug,AI Debates EN,2025-06-01T20:00:02Z,"For months, Haiti has been facing the worst crisis in its modern history. More than 80% of the capital, Port-au-Prince, is under ...",638,1,0,PT55S
oQLhsDRCK5k,US-Venezuela Crisis: Impact on Global Oil &amp; Monroe Doctrine Explained,UCytsrzTWMHic2B_poVnRSpQ,Shravi IAS,2026-01-12T10:00:43Z,upsc #iasexam #cse #civilservicesexam #shraviias On 3rd January 2026 US conducted an attack on the capital city of Venezuela ...,21,0,0,PT5M29S
_0z_kSfHdkA,Venezuela Has 303 Billion Barrels of Oil ‚Äî So Why Is It Still Collapsing?,UC8E7b0hQmQLOHQ3mnR23k_g,BREAKING ZONE,2026-01-09T00:00:51Z,"Venezuela has 303 billion barrels of oil, yet power, trust, and time still decide everything. In this analysis, Donald Trump claims ...",1,0,0,PT14M48S
9zr1ylfhoBw,High Alert: Russia Warns America Over Iran Escalation #BreakingNews #Russia #WorldNews #Geopolitics,UCkO-NAX8C9cTz5qFqkbs0vw,The Related State's ,2026-01-18T14:25:36Z,"Breaking news tonight: We take a closer look at the iconic structures and architecture of Washington D.C., focusing on the U.S. ...",1176,28,1,PT1M6S
k3cVM0jByEM,Simon Hunt Clip  Economic Pressure and Geopolitical Shifts  A Deep Dive into Global Affairs,UCYFM_Cj6VViYVOzZEPQpDaQ,NaturalResoureStocks Clips,2025-09-01T16:01:16Z,"For full video, go here: https://www.youtube.com/watch?v=sbCgk99Bevc This video discusses the pressured rate cuts by the ...",28,0,0,PT10M23S
5f0DeSvK_UY,Why can‚Äôt Russia sustainably rival the United States ?,UCi9x28y3ZW0NdYxhzE41FcA,SREI FACTS,2026-01-08T23:00:08Z,"Why does Russia, despite its military strength and global visibility, struggle to rival the United States over the long term?",564,9,1,PT54S
_0z_kSfHdkA,Venezuela Has 303 Billion Barrels of Oil ‚Äî So Why Is It Still Collapsing?,UC8E7b0hQmQLOHQ3mnR23k_g,BREAKING ZONE,2026-01-09T00:00:51Z,"Venezuela has 303 billion barrels of oil, yet power, trust, and time still decide everything. In this analysis, Donald Trump claims ...",1,0,0,PT14M48S
9zr1ylfhoBw,High Alert: Russia Warns America Over Iran Escalation #BreakingNews #Russia #WorldNews #Geopolitics,UCkO-NAX8C9cTz5qFqkbs0vw,The Related State's ,2026-01-18T14:25:36Z,"Breaking news tonight: We take a closer look at the iconic structures and architecture of Washington D.C., focusing on the U.S. ...",1176,28,1,PT1M6S
CAkqoI10VuI,"Gaza War Day 692: UN Slams Famine, Strikes Continue | Over 60 Killed",UCq6L7JFb3gqCNDD2tjWAhBw,India Today Global,2025-08-29T03:00:12Z,"Day 692 of the Gaza War has brought another grim chapter of suffering and despair. According to reports, Israeli airstrikes killed ...",1148,35,1,PT1M7S
4FSKlpe9h2A,Haiti: The Call for Afro-Caribbean Unity Toward a Regional Solution üåç,UCEHLDZa2_VmejJCp-G1Z6Ug,AI Debates EN,2025-06-01T20:00:02Z,"For months, Haiti has been facing the worst crisis in its modern history. More than 80% of the capital, Port-au-Prince, is under ...",638,1,0,PT55S
DeGdhOa37K8,FULL REMARKS: U.S. Secretary of State Marco Rubio Addresses Venezuela Crisis | Washington | AC15,UCrrXvYmau-9oMA6XJKZS2fQ,DWS News,2026-01-07T19:24:56Z,"Watch the full remarks from U.S. Secretary of State Marco Rubio as he addresses the media in Washington, D.C. on the evolving ...",122200,1222,316,PT8M20S
Zhh7k28eugY,Why Global Investors Are Quietly Leaving Europe for Africa,UCTGDpSSo3yPOkNCtcc6Rghw,GlobalStream 24,2026-01-28T15:11:10Z,"Global money is moving ‚Äî and not where most people think. Behind the scenes, major global investors, corporations, and ...",1434,62,9,PT13M4S
iqqE0ykLpL8,Why China&#39;s Latest Oil Move Might Trigger A Global Energy Crisis,UC3uJIdRFTGgLWrUziaHbzrg,NDTV Profit,2025-10-23T15:45:06Z,"Russia Oil News Today: Brent crude futures jumped 4.97% to $65.70, while WTI climbed 5.33% to $61.62, following a report by ...",35849,383,144,PT17M38S
MQyiexNjXDs,Podcast - The $1.5 Trillion Geopolitical Trap: Are You Thriving or Just Surviving?,UCkUP5G9YBEFnLHMiQ4WkB0A,EverWhatever_Official,2025-12-18T14:38:39Z,Geopolitical tensions are surging and now represent the biggest risk to global economic growth1.... Tariffs between the US and ...,0,0,0,PT10M12S
JpVmWi2Ds2s,The System Didn‚Äôt Collapse ‚Äî It Froze: Why 90% of Power Now Depends on Trust,UCSAS2oADDrpXLjy_zZ5vwXQ,Global Affairs Desk,2026-01-12T16:12:01Z,"When power moves faster than trust, the system doesn't collapse ‚Äî it quietly unravels. This analysis examines how modern ...",76,2,0,PT13M8S
ezesRjT6GJY,"World‚Äôs Largest Oil Reserves, Zero Power: Venezuela‚Äôs $100B Trap",UCY_MNH4nBwezN67HzfnaCtg,Lote Lemohiti,2026-01-13T04:15:33Z,Venezuela oil at the center of a $100 billion power shift that could reshape global energy politics in under 18 months. This video ...,47,1,0,PT15M16S
Emu8sPmez6I,Explosions Over Kyiv As Russian Drones Attack | Ukraine Shoots Down 16 Drones | #shorts,UCq6L7JFb3gqCNDD2tjWAhBw,India Today Global,2025-03-29T19:00:09Z,"Late Friday night, explosions rocked Kyiv as Russia launched 30 drones targeting the Ukrainian capital. Ukraine's air defense ...",27,1,0,PT45S
Km6ZrmaU_mw,"4 Oil Giants, 1 War: Who Really Profits From the Venezuela Crisis?",UCHbOV0NnjwHPYtUhrTOYyyA,STORM REPORT,2026-01-12T06:30:11Z,"US intervention Venezuela oil war ‚Äî $100B at stake, profits before democracy? In this video, we break down the hidden ...",1,1,0,PT12M52S
bdYkXi2VJco,Keir Starmer Slams Trump Over Greenland‚ÄîCould This Trigger Economic Chaos?,UC7pkBSCnHdu0SX6Kmedvl5A,Conway Insight,2026-01-30T19:00:40Z,"UK Prime Minister Keir Starmer has issued a stark warning over Donald Trump's Greenland confrontation, arguing it could trigger ...",800,19,1,PT26M10S
wnRZTh_JJKA,Economic Sanctions: A Tool of Geopolitical Power &amp; Global Impact Explained I Geopolitics Explained,UChufzQckIhs5QnpBrsRMCYA,Financial History,2025-12-30T10:12:51Z,"On Financial History, Economic Sanctions: A Tool of Geopolitical Power & Global Impact Explained breaks down how sanctions ...",3,0,0,PT14M50S
Izk4PzfV_zY,Iran IS ON THE BRINK OF COLLAPSE! The Economic Crisis Breaking It Apart,UCvHLu_Gxc7CAW9cTKQs8l5Q,WorldCrest,2026-01-21T05:56:46Z,Iran's currency just collapsed to 1.47 million rials per dollar. The regime is hemorrhaging money. And the mathematics of ...,4,1,0,PT29M31S
HSPK3tmweyE,Brazil Blocks U.S. Warships Naval Crisis Explained | Kaitlan Collins,UCfQggq8k3SCryMVvtkQvk2w,The Capital Storyline,2026-01-08T20:45:31Z,unitedstates #news #brazil #war #canada #usa ‚ö†Ô∏è Disclaimer: This is a fan-made educational video inspired by the economic ...,84,1,0,PT10M40S
lzshjyFkRjE,Goldman Sachs Reduced UD recession odds! #stocks #recession,UC7wtZybdBu6KsHxxPsJGalQ,American Investor,2025-06-25T01:46:26Z,"A stock market decline, often referred to as a downturn or bear market, occurs when the prices of securities fall significantly across ...",778,0,0,PT9S
mrnrHG8BdGk,The Secret Plan To Erase Germany From The Map (It&#39;s Happening Now),UCYhOBRfiqbu3mO1CcrNYPnQ,Empire Cycles,2026-01-09T20:10:33Z,"The engines of Europe are going silent. For decades, Germany was the industrial powerhouse of the world. But today, its factories ...",76,4,1,PT14M17S
P6nRmjoK9qY,"One Day, Two Rooms: U.S. Military Moves &amp; Billions in Venezuela‚Äôs Oil",UCTkHORKHquOI-VAw-9H15Kw,RED ALERT,2026-01-12T06:00:32Z,US Venezuela oil crisis exposed: troops move fast as oil giants meet the White House. This video breaks down the US Venezuela ...,3,0,0,PT13M33S
hgefnvq-A9g,"72 Hours, $450B, and a Silent Reset of Global Power No One Is Talking About",UCErWbrpI7dco_EDH1KWIQYw,International Insight Hub,2026-01-14T15:03:29Z,"The global system is quietly shifting as trust, settlement, and power begin to fracture beneath the surface. This analysis explores a ...",17,0,0,PT12M48S
YfXWYEV77E4,"Venezuela: World‚Äôs #1 Oil Reserves, Yet Economy &amp; Diplomacy in Crisis",UCO2YhY032HFFcd0UwGtnlzg,The Spotlight: Beyond Profession,2026-01-09T13:58:59Z,"Venezuela has the world's largest oil reserves ‚Äî yet its economy is in crisis, diplomacy is strained, and global capital remains ...",492,6,0,PT1M56S
8YMM02yTkS0,Venezuela Could Become Latin America&#39;s Success Story - If Everything Goes Right,UC5X01XpbkkJ79Eku_-ur_gw,GeoPolitics Uncovered,2026-01-14T17:37:45Z,Venezuela possesses world's largest oil reserves at 303 billion barrels plus significant natural gas gold and minerals. Economic ...,698,22,3,PT3M1S
zyMZ0lObh2k,"üö®üåçü©∫Kyiv Under Fire, BRICS Divides, US Aid Workers Hurt in Gaza",UCzv9TJdZmhBWTvpTKIRCvTA,newZ,2025-07-06T04:01:23Z,"1. Russia Launches Massive Air Assault on Kyiv After Trump-Putin CallKyiv faced its largest aerial attack in months, with Russia ...",52,1,0,PT18S
Olc8aGxlgMk,"Silent Power, Global Systems: How Infrastructure Quietly Shapes Our Future",UCFPcLKXHbYs_Mvl1PjdR1tA,The Capital Compass,2026-02-03T10:41:51Z,"Infrastructure companies are among the most powerful forces in global capital and the world economy, yet they attract remarkably ...",36,1,0,PT7M40S
